{"config": {"momentum": 0.8999999761581421, "decay": 9.999999974752427e-07, "nesterov": true, "lr": 0.0020000000949949026}, "class_name": "SGD"}