{"class_name": "SGD", "config": {"nesterov": true, "lr": 9.999999747378752e-05, "momentum": 0.8999999761581421, "decay": 9.999999974752427e-07}}