{"class_name": "SGD", "config": {"nesterov": true, "decay": 0.0, "momentum": 0.8999999761581421, "lr": 0.0020000000949949026}}