{"class_name": "SGD", "config": {"momentum": 0.8999999761581421, "nesterov": true, "lr": 0.009999999776482582, "decay": 9.999999974752427e-07}}