{"class_name": "Adam", "config": {"lr": 0.0020000000949949026, "epsilon": 1e-08, "decay": 0.0, "beta_1": 0.8999999761581421, "beta_2": 0.9990000128746033}}