{"class_name": "SGD", "config": {"nesterov": true, "momentum": 0.8999999761581421, "lr": 9.999999747378752e-05, "decay": 0.0}}