{"config": {"lr": 9.999999747378752e-05, "decay": 0.0, "momentum": 0.8999999761581421, "nesterov": true}, "class_name": "SGD"}