{"config": {"epsilon": 1e-08, "beta_2": 0.9990000128746033, "lr": 0.0010000000474974513, "decay": 0.0, "beta_1": 0.8999999761581421}, "class_name": "Adam"}