{"config": {"decay": 4.999999987376214e-07, "lr": 0.009999999776482582, "momentum": 0.8999999761581421, "nesterov": true}, "class_name": "SGD"}