{"class_name": "SGD", "config": {"momentum": 0.8999999761581421, "decay": 0.0, "nesterov": true, "lr": 0.0020000000949949026}}