{"class_name": "SGD", "config": {"lr": 0.009999999776482582, "momentum": 0.8999999761581421, "decay": 9.999999974752427e-07, "nesterov": true}}